ecosystem,package_name,package_version,popularity_tier,source,repository_url,repository_full_name,license_spdx_id
github,andrewwoan/mr-pandas-psychologically-safe-portfolio,repository-snapshot,medium,github-search:small-active-small,https://github.com/andrewwoan/mr-pandas-psychologically-safe-portfolio,andrewwoan/mr-pandas-psychologically-safe-portfolio,MIT
github,opencloud-eu/opencloud-compose,repository-snapshot,medium,github-search:small-active-small,https://github.com/opencloud-eu/opencloud-compose,opencloud-eu/opencloud-compose,GPL-3.0
github,greggman/webgl-memory,repository-snapshot,medium,github-search:small-active-small,https://github.com/greggman/webgl-memory,greggman/webgl-memory,MIT
github,dodying/UserJs,repository-snapshot,medium,github-search:small-active-small,https://github.com/dodying/UserJs,dodying/UserJs,MIT
github,walkermatt/ol-layerswitcher,repository-snapshot,medium,github-search:small-active-small,https://github.com/walkermatt/ol-layerswitcher,walkermatt/ol-layerswitcher,MIT
github,skymakerolof/dxf,repository-snapshot,medium,github-search:small-active-small,https://github.com/skymakerolof/dxf,skymakerolof/dxf,MIT
github,stylelint/stylelint-config-recommended,repository-snapshot,medium,github-search:small-active-small,https://github.com/stylelint/stylelint-config-recommended,stylelint/stylelint-config-recommended,MIT
github,radiantearth/stac-browser,repository-snapshot,medium,github-search:small-active-small,https://github.com/radiantearth/stac-browser,radiantearth/stac-browser,ISC
github,stream-utils/raw-body,repository-snapshot,medium,github-search:small-active-small,https://github.com/stream-utils/raw-body,stream-utils/raw-body,MIT
github,Larkenx/Rotten-Soup,repository-snapshot,medium,github-search:small-active-small,https://github.com/Larkenx/Rotten-Soup,Larkenx/Rotten-Soup,GPL-3.0
github,henryxrl/SimpleTextReader,repository-snapshot,medium,github-search:small-active-small,https://github.com/henryxrl/SimpleTextReader,henryxrl/SimpleTextReader,MIT
github,janwirth/vue-medium-editor,repository-snapshot,medium,github-search:small-active-small,https://github.com/janwirth/vue-medium-editor,janwirth/vue-medium-editor,MIT
github,finos/regular-table,repository-snapshot,medium,github-search:small-active-small,https://github.com/finos/regular-table,finos/regular-table,Apache-2.0
github,mongodb-developer/mern-stack-example,repository-snapshot,medium,github-search:small-active-small,https://github.com/mongodb-developer/mern-stack-example,mongodb-developer/mern-stack-example,Apache-2.0
github,Javis603/token-monitor,repository-snapshot,medium,github-search:small-active-small,https://github.com/Javis603/token-monitor,Javis603/token-monitor,MIT
github,waynesutton/convexskills,repository-snapshot,medium,github-search:small-active-small,https://github.com/waynesutton/convexskills,waynesutton/convexskills,Apache-2.0
github,murtaza-nasir/pdf3md,repository-snapshot,medium,github-search:small-active-small,https://github.com/murtaza-nasir/pdf3md,murtaza-nasir/pdf3md,AGPL-3.0
github,LyoSU/quote-bot,repository-snapshot,medium,github-search:small-active-small,https://github.com/LyoSU/quote-bot,LyoSU/quote-bot,MIT
github,wplacer/wplacer,repository-snapshot,medium,github-search:small-active-small,https://github.com/wplacer/wplacer,wplacer/wplacer,AGPL-3.0
github,marmelab/admin-on-rest,repository-snapshot,medium,github-search:small-active-small,https://github.com/marmelab/admin-on-rest,marmelab/admin-on-rest,MIT
github,sakithb/media-controls,repository-snapshot,medium,github-search:small-active-small,https://github.com/sakithb/media-controls,sakithb/media-controls,MIT
github,sallowayma-git/IELTS-practice,repository-snapshot,medium,github-search:small-active-small,https://github.com/sallowayma-git/IELTS-practice,sallowayma-git/IELTS-practice,GPL-3.0
github,wagoid/commitlint-github-action,repository-snapshot,medium,github-search:small-active-small,https://github.com/wagoid/commitlint-github-action,wagoid/commitlint-github-action,MIT
github,michu2k/Accordion,repository-snapshot,medium,github-search:small-active-small,https://github.com/michu2k/Accordion,michu2k/Accordion,MIT
github,0xlau/biliplus,repository-snapshot,medium,github-search:small-active-mid,https://github.com/0xlau/biliplus,0xlau/biliplus,MIT
github,byxiaozhi/Typedown,repository-snapshot,medium,github-search:small-active-mid,https://github.com/byxiaozhi/Typedown,byxiaozhi/Typedown,MIT
github,yjs/yjs-demos,repository-snapshot,medium,github-search:small-active-mid,https://github.com/yjs/yjs-demos,yjs/yjs-demos,Unlicense
github,Repcz/Tool,repository-snapshot,medium,github-search:small-active-mid,https://github.com/Repcz/Tool,Repcz/Tool,MIT
github,AnyChart/GraphicsJS,repository-snapshot,medium,github-search:small-active-mid,https://github.com/AnyChart/GraphicsJS,AnyChart/GraphicsJS,BSD-3-Clause
github,hasura/gatsby-gitbook-starter,repository-snapshot,medium,github-search:small-active-mid,https://github.com/hasura/gatsby-gitbook-starter,hasura/gatsby-gitbook-starter,MIT
github,wozulong/open-wegram-bot,repository-snapshot,medium,github-search:small-active-mid,https://github.com/wozulong/open-wegram-bot,wozulong/open-wegram-bot,GPL-3.0
github,kubesail/deploy-node-app,repository-snapshot,medium,github-search:small-slowing,https://github.com/kubesail/deploy-node-app,kubesail/deploy-node-app,MIT
github,jpedroschmitz/rocketdocs,repository-snapshot,medium,github-search:small-slowing,https://github.com/jpedroschmitz/rocketdocs,jpedroschmitz/rocketdocs,MIT
github,prinsss/export-twitter-following-list,repository-snapshot,low,github-search:small-slowing,https://github.com/prinsss/export-twitter-following-list,prinsss/export-twitter-following-list,MIT
github,Danziger/slotjs,repository-snapshot,medium,github-search:small-slowing,https://github.com/Danziger/slotjs,Danziger/slotjs,MIT
github,Lor-Saba/Code-Injector,repository-snapshot,low,github-search:small-slowing,https://github.com/Lor-Saba/Code-Injector,Lor-Saba/Code-Injector,GPL-3.0
github,JoeyGambler/youtube-ad-skip,repository-snapshot,low,github-search:small-slowing,https://github.com/JoeyGambler/youtube-ad-skip,JoeyGambler/youtube-ad-skip,MIT
github,MwumLi/gktimesc2gitbook,repository-snapshot,low,github-search:small-slowing,https://github.com/MwumLi/gktimesc2gitbook,MwumLi/gktimesc2gitbook,MIT
github,almogtavor/date-range-picker,repository-snapshot,low,github-search:small-slowing,https://github.com/almogtavor/date-range-picker,almogtavor/date-range-picker,MIT
github,lukeed/premove,repository-snapshot,low,github-search:small-slowing,https://github.com/lukeed/premove,lukeed/premove,MIT
github,stefanwalther/sense-navigation,repository-snapshot,low,github-search:small-slowing,https://github.com/stefanwalther/sense-navigation,stefanwalther/sense-navigation,MIT
github,wkf/hawk,repository-snapshot,low,github-search:small-slowing,https://github.com/wkf/hawk,wkf/hawk,EPL-1.0
github,alibaba/intelligent-test-platform,repository-snapshot,medium,github-search:small-slowing,https://github.com/alibaba/intelligent-test-platform,alibaba/intelligent-test-platform,Apache-2.0
github,inevolin/DiscordEarsBot,repository-snapshot,low,github-search:small-slowing,https://github.com/inevolin/DiscordEarsBot,inevolin/DiscordEarsBot,MIT
github,BlobbyDev/DoggoBot,repository-snapshot,low,github-search:small-slowing,https://github.com/BlobbyDev/DoggoBot,BlobbyDev/DoggoBot,GPL-3.0
github,gulpjs/fancy-log,repository-snapshot,low,github-search:small-slowing,https://github.com/gulpjs/fancy-log,gulpjs/fancy-log,MIT
github,gulpjs/findup-sync,repository-snapshot,low,github-search:small-slowing,https://github.com/gulpjs/findup-sync,gulpjs/findup-sync,MIT
github,magesuite/magepack,repository-snapshot,medium,github-search:small-slowing,https://github.com/magesuite/magepack,magesuite/magepack,OSL-3.0
github,nfl/react-wildcat,repository-snapshot,medium,github-search:small-dormant,https://github.com/nfl/react-wildcat,nfl/react-wildcat,MIT
github,ethereum-boilerplate/web3-social-network-boilerplate,repository-snapshot,low,github-search:small-dormant,https://github.com/ethereum-boilerplate/web3-social-network-boilerplate,ethereum-boilerplate/web3-social-network-boilerplate,MIT
github,paolomainardi/additronk8s-retrogames-kubernetes-controller,repository-snapshot,low,github-search:small-dormant,https://github.com/paolomainardi/additronk8s-retrogames-kubernetes-controller,paolomainardi/additronk8s-retrogames-kubernetes-controller,Apache-2.0
github,yuandong-tian/scheduler2,repository-snapshot,low,github-search:small-dormant,https://github.com/yuandong-tian/scheduler2,yuandong-tian/scheduler2,MIT
github,VCG/upset,repository-snapshot,medium,github-search:small-dormant,https://github.com/VCG/upset,VCG/upset,MIT
github,ciricc/easyvk,repository-snapshot,low,github-search:small-dormant,https://github.com/ciricc/easyvk,ciricc/easyvk,MIT
github,josegonzalez/real-aws-status,repository-snapshot,low,github-search:small-dormant,https://github.com/josegonzalez/real-aws-status,josegonzalez/real-aws-status,MIT
github,mathiasbynens/regenerate,repository-snapshot,medium,github-search:small-dormant,https://github.com/mathiasbynens/regenerate,mathiasbynens/regenerate,MIT
github,rllola/zeroTube,repository-snapshot,low,github-search:small-dormant,https://github.com/rllola/zeroTube,rllola/zeroTube,WTFPL
github,desandro/get-size,repository-snapshot,low,github-search:small-dormant,https://github.com/desandro/get-size,desandro/get-size,MIT
github,richard1015/cesium-navigation-es6,repository-snapshot,low,github-search:small-dormant,https://github.com/richard1015/cesium-navigation-es6,richard1015/cesium-navigation-es6,MIT
github,ChavaScript/chavascript,repository-snapshot,medium,github-search:small-dormant,https://github.com/ChavaScript/chavascript,ChavaScript/chavascript,MIT
github,cedricpinson/osgjs,repository-snapshot,medium,github-search:small-archived,https://github.com/cedricpinson/osgjs,cedricpinson/osgjs,MIT
github,adgsm/multi-level-push-menu,repository-snapshot,medium,github-search:small-archived,https://github.com/adgsm/multi-level-push-menu,adgsm/multi-level-push-menu,NOASSERTION
github,marioparaschiv/nitro-sniper,repository-snapshot,medium,github-search:small-archived,https://github.com/marioparaschiv/nitro-sniper,marioparaschiv/nitro-sniper,NOASSERTION
github,Just-Moh-it/Pckd,repository-snapshot,medium,github-search:small-archived,https://github.com/Just-Moh-it/Pckd,Just-Moh-it/Pckd,MIT
github,nilbus/Backbone.dualStorage,repository-snapshot,medium,github-search:small-archived,https://github.com/nilbus/Backbone.dualStorage,nilbus/Backbone.dualStorage,NOASSERTION
github,facebookarchive/react-page,repository-snapshot,medium,github-search:small-archived,https://github.com/facebookarchive/react-page,facebookarchive/react-page,Apache-2.0
github,Ebookcoin/ebookcoin,repository-snapshot,medium,github-search:small-archived,https://github.com/Ebookcoin/ebookcoin,Ebookcoin/ebookcoin,NOASSERTION
github,gaearon/suspense-experimental-github-demo,repository-snapshot,medium,github-search:small-archived,https://github.com/gaearon/suspense-experimental-github-demo,gaearon/suspense-experimental-github-demo,MIT
github,timjansen/minified.js,repository-snapshot,medium,github-search:small-archived,https://github.com/timjansen/minified.js,timjansen/minified.js,NOASSERTION
github,OpenBuildings/layout-grid,repository-snapshot,medium,github-search:small-archived,https://github.com/OpenBuildings/layout-grid,OpenBuildings/layout-grid,BSD-3-Clause
github,mattlewis92/angular-bootstrap-calendar,repository-snapshot,medium,github-search:small-archived,https://github.com/mattlewis92/angular-bootstrap-calendar,mattlewis92/angular-bootstrap-calendar,MIT
github,MicrosoftEdge/JSBrowser,repository-snapshot,medium,github-search:small-archived,https://github.com/MicrosoftEdge/JSBrowser,MicrosoftEdge/JSBrowser,MIT
github,denysdovhan/learnyoubash,repository-snapshot,medium,github-search:small-archived,https://github.com/denysdovhan/learnyoubash,denysdovhan/learnyoubash,NOASSERTION
github,hyperledger/fabric-sdk-node,repository-snapshot,medium,github-search:small-archived,https://github.com/hyperledger/fabric-sdk-node,hyperledger/fabric-sdk-node,Apache-2.0
github,rgarcia/dochub,repository-snapshot,medium,github-search:small-archived,https://github.com/rgarcia/dochub,rgarcia/dochub,WTFPL
github,georges/porthole,repository-snapshot,medium,github-search:small-archived,https://github.com/georges/porthole,georges/porthole,MIT
github,justjavac/react-router-v4-CN,repository-snapshot,medium,github-search:small-archived,https://github.com/justjavac/react-router-v4-CN,justjavac/react-router-v4-CN,MIT
github,nDmitry/grunt-autoprefixer,repository-snapshot,medium,github-search:small-archived,https://github.com/nDmitry/grunt-autoprefixer,nDmitry/grunt-autoprefixer,MIT
github,googlecodelabs/webrtc-web,repository-snapshot,medium,github-search:small-archived,https://github.com/googlecodelabs/webrtc-web,googlecodelabs/webrtc-web,Apache-2.0
github,jychp/cloudflare-bypass,repository-snapshot,medium,github-search:small-archived,https://github.com/jychp/cloudflare-bypass,jychp/cloudflare-bypass,Apache-2.0
github,gre/diaporama,repository-snapshot,medium,github-search:small-archived,https://github.com/gre/diaporama,gre/diaporama,ISC
github,ppoffice/hexo-theme-minos,repository-snapshot,medium,github-search:small-archived,https://github.com/ppoffice/hexo-theme-minos,ppoffice/hexo-theme-minos,MIT
github,makazeu/steam-key,repository-snapshot,medium,github-search:small-archived,https://github.com/makazeu/steam-key,makazeu/steam-key,NOASSERTION
github,mbrochh/django-reactjs-boilerplate,repository-snapshot,medium,github-search:small-archived,https://github.com/mbrochh/django-reactjs-boilerplate,mbrochh/django-reactjs-boilerplate,NOASSERTION
github,hjdhnx/dr_py,repository-snapshot,medium,github-search:small-archived,https://github.com/hjdhnx/dr_py,hjdhnx/dr_py,LGPL-3.0
github,greghesp/assistant-relay,repository-snapshot,medium,github-search:small-archived,https://github.com/greghesp/assistant-relay,greghesp/assistant-relay,GPL-2.0
github,WilsonHuangDev/Thunder-Professional,repository-snapshot,medium,github-search:small-archived,https://github.com/WilsonHuangDev/Thunder-Professional,WilsonHuangDev/Thunder-Professional,BSD-3-Clause
github,spatie/form-backend-validation,repository-snapshot,medium,github-search:small-archived,https://github.com/spatie/form-backend-validation,spatie/form-backend-validation,MIT
github,Addepar/ember-charts,repository-snapshot,medium,github-search:small-archived,https://github.com/Addepar/ember-charts,Addepar/ember-charts,NOASSERTION
github,darkskyapp/delaunay-fast,repository-snapshot,medium,github-search:small-archived,https://github.com/darkskyapp/delaunay-fast,darkskyapp/delaunay-fast,NOASSERTION
github,mishakorzik/Email-Spammer,repository-snapshot,medium,github-search:small-active-small,https://github.com/mishakorzik/Email-Spammer,mishakorzik/Email-Spammer,GPL-3.0
github,deepghs/imgutils,repository-snapshot,medium,github-search:small-active-small,https://github.com/deepghs/imgutils,deepghs/imgutils,MIT
github,Blizzard/heroprotocol,repository-snapshot,medium,github-search:small-active-small,https://github.com/Blizzard/heroprotocol,Blizzard/heroprotocol,MIT
github,icometrix/dicom2nifti,repository-snapshot,medium,github-search:small-active-small,https://github.com/icometrix/dicom2nifti,icometrix/dicom2nifti,MIT
github,lzhoang2801/Hardware-Sniffer,repository-snapshot,medium,github-search:small-active-small,https://github.com/lzhoang2801/Hardware-Sniffer,lzhoang2801/Hardware-Sniffer,BSD-3-Clause
github,deafdudecomputers/PalworldSaveTools,repository-snapshot,medium,github-search:small-active-small,https://github.com/deafdudecomputers/PalworldSaveTools,deafdudecomputers/PalworldSaveTools,MIT
github,TorchTrade/torchtrade,repository-snapshot,medium,github-search:small-active-small,https://github.com/TorchTrade/torchtrade,TorchTrade/torchtrade,MIT
github,aj-4/tinder-swipe-bot,repository-snapshot,medium,github-search:small-active-small,https://github.com/aj-4/tinder-swipe-bot,aj-4/tinder-swipe-bot,Unlicense
github,alibaba/unified-audio,repository-snapshot,medium,github-search:small-active-small,https://github.com/alibaba/unified-audio,alibaba/unified-audio,Apache-2.0
github,microsoft/PubSec-Info-Assistant,repository-snapshot,medium,github-search:small-active-small,https://github.com/microsoft/PubSec-Info-Assistant,microsoft/PubSec-Info-Assistant,MIT
github,Hyacinthe-primus/File_Converter_Pro,repository-snapshot,medium,github-search:small-active-small,https://github.com/Hyacinthe-primus/File_Converter_Pro,Hyacinthe-primus/File_Converter_Pro,GPL-3.0
github,mandiant/PwnAuth,repository-snapshot,medium,github-search:small-active-small,https://github.com/mandiant/PwnAuth,mandiant/PwnAuth,Apache-2.0
github,pytest-dev/pytest-factoryboy,repository-snapshot,medium,github-search:small-active-small,https://github.com/pytest-dev/pytest-factoryboy,pytest-dev/pytest-factoryboy,MIT
github,breuleux/ovld,repository-snapshot,medium,github-search:small-active-small,https://github.com/breuleux/ovld,breuleux/ovld,MIT
github,supriya-project/supriya,repository-snapshot,medium,github-search:small-active-small,https://github.com/supriya-project/supriya,supriya-project/supriya,MIT
github,tektoncd/community,repository-snapshot,medium,github-search:small-active-small,https://github.com/tektoncd/community,tektoncd/community,Apache-2.0
github,dharmx/vile,repository-snapshot,medium,github-search:small-active-small,https://github.com/dharmx/vile,dharmx/vile,GPL-3.0
github,awesomedata/apd-core,repository-snapshot,medium,github-search:small-active-small,https://github.com/awesomedata/apd-core,awesomedata/apd-core,GPL-3.0
github,qusong0627/QuantMind,repository-snapshot,medium,github-search:small-active-small,https://github.com/qusong0627/QuantMind,qusong0627/QuantMind,AGPL-3.0
github,Kentzo/git-archive-all,repository-snapshot,medium,github-search:small-active-small,https://github.com/Kentzo/git-archive-all,Kentzo/git-archive-all,MIT
github,WillowHe/EvoOpt_oppangu_optimization_model,repository-snapshot,medium,github-search:small-active-small,https://github.com/WillowHe/EvoOpt_oppangu_optimization_model,WillowHe/EvoOpt_oppangu_optimization_model,MIT
github,mirumee/ariadne-codegen,repository-snapshot,medium,github-search:small-active-small,https://github.com/mirumee/ariadne-codegen,mirumee/ariadne-codegen,BSD-3-Clause
github,izimobil/django-rest-framework-datatables,repository-snapshot,medium,github-search:small-active-small,https://github.com/izimobil/django-rest-framework-datatables,izimobil/django-rest-framework-datatables,MIT
github,YvanYin/GoalFlow,repository-snapshot,medium,github-search:small-active-small,https://github.com/YvanYin/GoalFlow,YvanYin/GoalFlow,Apache-2.0
github,Aspegio/nelson,repository-snapshot,medium,github-search:small-active-small,https://github.com/Aspegio/nelson,Aspegio/nelson,MIT
github,sematic-ai/sematic,repository-snapshot,medium,github-search:small-active-mid,https://github.com/sematic-ai/sematic,sematic-ai/sematic,Apache-2.0
github,DBraun/TouchDesigner_Shared,repository-snapshot,medium,github-search:small-active-mid,https://github.com/DBraun/TouchDesigner_Shared,DBraun/TouchDesigner_Shared,GPL-3.0
github,leggedrobotics/elevation_mapping_cupy,repository-snapshot,medium,github-search:small-active-mid,https://github.com/leggedrobotics/elevation_mapping_cupy,leggedrobotics/elevation_mapping_cupy,MIT
github,Aratako/Irodori-TTS,repository-snapshot,medium,github-search:small-active-mid,https://github.com/Aratako/Irodori-TTS,Aratako/Irodori-TTS,MIT
github,aliyun/aliyun-oss-python-sdk,repository-snapshot,medium,github-search:small-active-mid,https://github.com/aliyun/aliyun-oss-python-sdk,aliyun/aliyun-oss-python-sdk,MIT
github,yihong0618/2023,repository-snapshot,medium,github-search:small-slowing,https://github.com/yihong0618/2023,yihong0618/2023,MIT
github,devartis/passbook,repository-snapshot,medium,github-search:small-slowing,https://github.com/devartis/passbook,devartis/passbook,MIT
github,Zzh-tju/CIoU,repository-snapshot,medium,github-search:small-slowing,https://github.com/Zzh-tju/CIoU,Zzh-tju/CIoU,GPL-3.0
github,run-llama/llamaindex_aws_ingestion,repository-snapshot,low,github-search:small-slowing,https://github.com/run-llama/llamaindex_aws_ingestion,run-llama/llamaindex_aws_ingestion,MIT
github,binance/ai-trading-prototype,repository-snapshot,low,github-search:small-slowing,https://github.com/binance/ai-trading-prototype,binance/ai-trading-prototype,MIT
github,CVMI-Lab/SimGCD,repository-snapshot,low,github-search:small-slowing,https://github.com/CVMI-Lab/SimGCD,CVMI-Lab/SimGCD,MIT
github,isidentical/refactor,repository-snapshot,medium,github-search:small-slowing,https://github.com/isidentical/refactor,isidentical/refactor,MIT
github,necla-ml/Diff-JPEG,repository-snapshot,low,github-search:small-slowing,https://github.com/necla-ml/Diff-JPEG,necla-ml/Diff-JPEG,BSD-3-Clause
github,jesseweisberg/moveo_ros,repository-snapshot,medium,github-search:small-slowing,https://github.com/jesseweisberg/moveo_ros,jesseweisberg/moveo_ros,MIT
github,logsol/Github-Auto-Deploy,repository-snapshot,medium,github-search:small-slowing,https://github.com/logsol/Github-Auto-Deploy,logsol/Github-Auto-Deploy,MIT
github,sqlalchemy/sqlalchemy2-stubs,repository-snapshot,low,github-search:small-slowing,https://github.com/sqlalchemy/sqlalchemy2-stubs,sqlalchemy/sqlalchemy2-stubs,MIT
github,MrStark-XD/Edu-Mail-Generator,repository-snapshot,low,github-search:small-slowing,https://github.com/MrStark-XD/Edu-Mail-Generator,MrStark-XD/Edu-Mail-Generator,MIT
github,kearnz/autoimpute,repository-snapshot,medium,github-search:small-slowing,https://github.com/kearnz/autoimpute,kearnz/autoimpute,MIT
github,RasaHQ/rasa-nlu-examples,repository-snapshot,low,github-search:small-slowing,https://github.com/RasaHQ/rasa-nlu-examples,RasaHQ/rasa-nlu-examples,Apache-2.0
github,Little-Podi/GRM,repository-snapshot,low,github-search:small-slowing,https://github.com/Little-Podi/GRM,Little-Podi/GRM,MIT
github,Little-Podi/AiATrack,repository-snapshot,low,github-search:small-slowing,https://github.com/Little-Podi/AiATrack,Little-Podi/AiATrack,MIT
github,ziplab/SPViT,repository-snapshot,low,github-search:small-slowing,https://github.com/ziplab/SPViT,ziplab/SPViT,Apache-2.0
github,cloud-utils/sqlalchemy-aurora-data-api,repository-snapshot,low,github-search:small-slowing,https://github.com/cloud-utils/sqlalchemy-aurora-data-api,cloud-utils/sqlalchemy-aurora-data-api,Apache-2.0
github,sskender/pornhub-api,repository-snapshot,medium,github-search:small-slowing,https://github.com/sskender/pornhub-api,sskender/pornhub-api,MIT
github,codingbox/Free-Node-Merge,repository-snapshot,low,github-search:small-dormant,https://github.com/codingbox/Free-Node-Merge,codingbox/Free-Node-Merge,MIT
github,4w4k3/KnockMail,repository-snapshot,medium,github-search:small-dormant,https://github.com/4w4k3/KnockMail,4w4k3/KnockMail,BSD-3-Clause
github,andrewcharlesjones/plottify,repository-snapshot,low,github-search:small-dormant,https://github.com/andrewcharlesjones/plottify,andrewcharlesjones/plottify,MIT
github,brianhornsby/script.openvpn,repository-snapshot,low,github-search:small-dormant,https://github.com/brianhornsby/script.openvpn,brianhornsby/script.openvpn,GPL-3.0
github,marcelsan/Deep-HdrReconstruction,repository-snapshot,low,github-search:small-dormant,https://github.com/marcelsan/Deep-HdrReconstruction,marcelsan/Deep-HdrReconstruction,BSD-3-Clause
github,lucidrains/hourglass-transformer-pytorch,repository-snapshot,low,github-search:small-dormant,https://github.com/lucidrains/hourglass-transformer-pytorch,lucidrains/hourglass-transformer-pytorch,MIT
github,jiaweihe1996/GMTracker,repository-snapshot,low,github-search:small-dormant,https://github.com/jiaweihe1996/GMTracker,jiaweihe1996/GMTracker,GPL-3.0
github,facebookresearch/mtrl,repository-snapshot,medium,github-search:small-dormant,https://github.com/facebookresearch/mtrl,facebookresearch/mtrl,MIT
github,peacecwz/shazam-demo,repository-snapshot,low,github-search:small-dormant,https://github.com/peacecwz/shazam-demo,peacecwz/shazam-demo,MIT
github,davidmalcolm/gcc-python-plugin,repository-snapshot,medium,github-search:small-dormant,https://github.com/davidmalcolm/gcc-python-plugin,davidmalcolm/gcc-python-plugin,GPL-3.0
github,bhowiebkr/open-joystick,repository-snapshot,low,github-search:small-dormant,https://github.com/bhowiebkr/open-joystick,bhowiebkr/open-joystick,GPL-3.0
github,ddragosd/python-rclone,repository-snapshot,low,github-search:small-dormant,https://github.com/ddragosd/python-rclone,ddragosd/python-rclone,Apache-2.0
github,tito/pymt,repository-snapshot,low,github-search:small-dormant,https://github.com/tito/pymt,tito/pymt,LGPL-3.0
github,petercunha/Emotion,repository-snapshot,medium,github-search:small-dormant,https://github.com/petercunha/Emotion,petercunha/Emotion,MIT
github,ShutdownRepo/ShadowCoerce,repository-snapshot,medium,github-search:small-dormant,https://github.com/ShutdownRepo/ShadowCoerce,ShutdownRepo/ShadowCoerce,GPL-3.0
github,rehg-lab/3DShapeGen,repository-snapshot,low,github-search:small-dormant,https://github.com/rehg-lab/3DShapeGen,rehg-lab/3DShapeGen,MIT
github,VITA-Group/ABD-Net,repository-snapshot,medium,github-search:small-dormant,https://github.com/VITA-Group/ABD-Net,VITA-Group/ABD-Net,MIT
github,tdda/applehealthdata,repository-snapshot,low,github-search:small-dormant,https://github.com/tdda/applehealthdata,tdda/applehealthdata,MIT
github,VITA-Group/AGD,repository-snapshot,low,github-search:small-dormant,https://github.com/VITA-Group/AGD,VITA-Group/AGD,MIT
github,VITA-Group/BERT-Tickets,repository-snapshot,low,github-search:small-dormant,https://github.com/VITA-Group/BERT-Tickets,VITA-Group/BERT-Tickets,MIT
github,googleapis/python-bigquery,repository-snapshot,medium,github-search:small-archived,https://github.com/googleapis/python-bigquery,googleapis/python-bigquery,Apache-2.0
github,facebookresearch/GENRE,repository-snapshot,medium,github-search:small-archived,https://github.com/facebookresearch/GENRE,facebookresearch/GENRE,NOASSERTION
github,FuzzingLabs/secpipe,repository-snapshot,medium,github-search:small-archived,https://github.com/FuzzingLabs/secpipe,FuzzingLabs/secpipe,NOASSERTION
github,bytedance/ImageDream,repository-snapshot,medium,github-search:small-archived,https://github.com/bytedance/ImageDream,bytedance/ImageDream,Apache-2.0
github,twissandra/twissandra,repository-snapshot,medium,github-search:small-archived,https://github.com/twissandra/twissandra,twissandra/twissandra,Apache-2.0
github,p-e-w/krill,repository-snapshot,medium,github-search:small-archived,https://github.com/p-e-w/krill,p-e-w/krill,NOASSERTION
github,peterbuga/HASS-sonoff-ewelink,repository-snapshot,medium,github-search:small-archived,https://github.com/peterbuga/HASS-sonoff-ewelink,peterbuga/HASS-sonoff-ewelink,MIT
github,googleapis/oauth2client,repository-snapshot,medium,github-search:small-archived,https://github.com/googleapis/oauth2client,googleapis/oauth2client,Apache-2.0
github,facebookresearch/SLIP,repository-snapshot,medium,github-search:small-archived,https://github.com/facebookresearch/SLIP,facebookresearch/SLIP,MIT
github,kezhenxu94/house-renting,repository-snapshot,medium,github-search:small-archived,https://github.com/kezhenxu94/house-renting,kezhenxu94/house-renting,Apache-2.0
github,krea-ai/open-prompts,repository-snapshot,medium,github-search:small-archived,https://github.com/krea-ai/open-prompts,krea-ai/open-prompts,NOASSERTION
github,ustream/openduty,repository-snapshot,medium,github-search:small-archived,https://github.com/ustream/openduty,ustream/openduty,MIT
github,gmarull/qtmodern,repository-snapshot,medium,github-search:small-archived,https://github.com/gmarull/qtmodern,gmarull/qtmodern,MIT
github,luost26/diffusion-point-cloud,repository-snapshot,medium,github-search:small-archived,https://github.com/luost26/diffusion-point-cloud,luost26/diffusion-point-cloud,MIT
github,stacklok/codegate,repository-snapshot,medium,github-search:small-archived,https://github.com/stacklok/codegate,stacklok/codegate,Apache-2.0
github,google-research/long-range-arena,repository-snapshot,medium,github-search:small-archived,https://github.com/google-research/long-range-arena,google-research/long-range-arena,Apache-2.0
github,qhduan/Seq2Seq_Chatbot_QA,repository-snapshot,medium,github-search:small-archived,https://github.com/qhduan/Seq2Seq_Chatbot_QA,qhduan/Seq2Seq_Chatbot_QA,NOASSERTION
github,kdexd/digit-classifier,repository-snapshot,medium,github-search:small-archived,https://github.com/kdexd/digit-classifier,kdexd/digit-classifier,MIT
github,nvidia-cosmos/cosmos-predict2,repository-snapshot,medium,github-search:small-archived,https://github.com/nvidia-cosmos/cosmos-predict2,nvidia-cosmos/cosmos-predict2,Apache-2.0
github,pytorch/PiPPy,repository-snapshot,medium,github-search:small-archived,https://github.com/pytorch/PiPPy,pytorch/PiPPy,BSD-3-Clause
github,google-research/recsim,repository-snapshot,medium,github-search:small-archived,https://github.com/google-research/recsim,google-research/recsim,Apache-2.0
github,lifadev-archive/aws-lambda-go-shim,repository-snapshot,medium,github-search:small-archived,https://github.com/lifadev-archive/aws-lambda-go-shim,lifadev-archive/aws-lambda-go-shim,Apache-2.0
github,Dawnnnnnn/bilibili-live-tools,repository-snapshot,medium,github-search:small-archived,https://github.com/Dawnnnnnn/bilibili-live-tools,Dawnnnnnn/bilibili-live-tools,MIT
github,koenrh/delete-tweets,repository-snapshot,medium,github-search:small-archived,https://github.com/koenrh/delete-tweets,koenrh/delete-tweets,ISC
github,n1k0/SublimeHighlight,repository-snapshot,medium,github-search:small-archived,https://github.com/n1k0/SublimeHighlight,n1k0/SublimeHighlight,MIT
github,elastic/elasticsearch-docker,repository-snapshot,medium,github-search:small-archived,https://github.com/elastic/elasticsearch-docker,elastic/elasticsearch-docker,Apache-2.0
github,torrvision/crayon,repository-snapshot,medium,github-search:small-archived,https://github.com/torrvision/crayon,torrvision/crayon,MIT
github,facebookresearch/contriever,repository-snapshot,medium,github-search:small-archived,https://github.com/facebookresearch/contriever,facebookresearch/contriever,NOASSERTION
github,JarodMica/ai-voice-cloning,repository-snapshot,medium,github-search:small-archived,https://github.com/JarodMica/ai-voice-cloning,JarodMica/ai-voice-cloning,GPL-3.0
github,chaos-genius/chaos_genius,repository-snapshot,medium,github-search:small-archived,https://github.com/chaos-genius/chaos_genius,chaos-genius/chaos_genius,MIT
github,burugo/one-mcp,repository-snapshot,medium,github-search:small-active-small,https://github.com/burugo/one-mcp,burugo/one-mcp,MIT
github,kubernetes-sigs/kubetest2,repository-snapshot,medium,github-search:small-active-small,https://github.com/kubernetes-sigs/kubetest2,kubernetes-sigs/kubetest2,Apache-2.0
github,yarlson/ftl,repository-snapshot,medium,github-search:small-active-small,https://github.com/yarlson/ftl,yarlson/ftl,MIT
github,gateio/proof-of-reserves,repository-snapshot,medium,github-search:small-active-small,https://github.com/gateio/proof-of-reserves,gateio/proof-of-reserves,GPL-3.0
github,londek/ipadecrypt,repository-snapshot,medium,github-search:small-active-small,https://github.com/londek/ipadecrypt,londek/ipadecrypt,MIT
github,ortelius/ortelius,repository-snapshot,medium,github-search:small-active-small,https://github.com/ortelius/ortelius,ortelius/ortelius,Apache-2.0
github,blacktop/lporg,repository-snapshot,medium,github-search:small-active-small,https://github.com/blacktop/lporg,blacktop/lporg,MIT
github,nebius/soperator,repository-snapshot,medium,github-search:small-active-small,https://github.com/nebius/soperator,nebius/soperator,Apache-2.0
github,c4pt0r/agfs,repository-snapshot,medium,github-search:small-active-small,https://github.com/c4pt0r/agfs,c4pt0r/agfs,Apache-2.0
github,topolvm/pvc-autoresizer,repository-snapshot,medium,github-search:small-active-small,https://github.com/topolvm/pvc-autoresizer,topolvm/pvc-autoresizer,Apache-2.0
github,scylladb/scylla-operator,repository-snapshot,medium,github-search:small-active-small,https://github.com/scylladb/scylla-operator,scylladb/scylla-operator,Apache-2.0
github,gen2brain/iup-go,repository-snapshot,medium,github-search:small-active-small,https://github.com/gen2brain/iup-go,gen2brain/iup-go,MIT
github,atlassian/gostatsd,repository-snapshot,medium,github-search:small-active-small,https://github.com/atlassian/gostatsd,atlassian/gostatsd,MIT
github,danielgatis/imgcat,repository-snapshot,medium,github-search:small-active-small,https://github.com/danielgatis/imgcat,danielgatis/imgcat,MIT
github,jpillora/ipfilter,repository-snapshot,medium,github-search:small-active-small,https://github.com/jpillora/ipfilter,jpillora/ipfilter,MIT
github,raff/godet,repository-snapshot,medium,github-search:small-active-small,https://github.com/raff/godet,raff/godet,MIT
github,robinson/gos7,repository-snapshot,medium,github-search:small-active-small,https://github.com/robinson/gos7,robinson/gos7,BSD-3-Clause
github,prometheus/graphite_exporter,repository-snapshot,medium,github-search:small-active-small,https://github.com/prometheus/graphite_exporter,prometheus/graphite_exporter,Apache-2.0
github,jon4hz/fztea,repository-snapshot,medium,github-search:small-active-small,https://github.com/jon4hz/fztea,jon4hz/fztea,MIT
github,honeycombio/refinery,repository-snapshot,medium,github-search:small-active-small,https://github.com/honeycombio/refinery,honeycombio/refinery,Apache-2.0
github,koddr/tutorial-go-fiber-rest-api,repository-snapshot,medium,github-search:small-active-small,https://github.com/koddr/tutorial-go-fiber-rest-api,koddr/tutorial-go-fiber-rest-api,MIT
github,kunchenguid/gsh,repository-snapshot,medium,github-search:small-active-small,https://github.com/kunchenguid/gsh,kunchenguid/gsh,GPL-3.0
github,shieldproject/shield,repository-snapshot,medium,github-search:small-active-small,https://github.com/shieldproject/shield,shieldproject/shield,MIT
github,gempir/go-twitch-irc,repository-snapshot,medium,github-search:small-active-small,https://github.com/gempir/go-twitch-irc,gempir/go-twitch-irc,MIT
github,76creates/stickers,repository-snapshot,medium,github-search:small-active-small,https://github.com/76creates/stickers,76creates/stickers,MIT
github,Panonim/dynacat,repository-snapshot,medium,github-search:small-active-mid,https://github.com/Panonim/dynacat,Panonim/dynacat,AGPL-3.0
github,floatpane/matcha,repository-snapshot,medium,github-search:small-active-mid,https://github.com/floatpane/matcha,floatpane/matcha,MIT
github,costela/wesher,repository-snapshot,medium,github-search:small-active-mid,https://github.com/costela/wesher,costela/wesher,GPL-3.0
github,ENTERPILOT/GoModel,repository-snapshot,medium,github-search:small-active-mid,https://github.com/ENTERPILOT/GoModel,ENTERPILOT/GoModel,MIT
github,negokaz/excel-mcp-server,repository-snapshot,medium,github-search:small-active-mid,https://github.com/negokaz/excel-mcp-server,negokaz/excel-mcp-server,MIT
github,scaleway/scaleway-cli,repository-snapshot,medium,github-search:small-active-mid,https://github.com/scaleway/scaleway-cli,scaleway/scaleway-cli,Apache-2.0
github,reidjs/markdown-tweet-scheduler,repository-snapshot,low,github-search:small-slowing,https://github.com/reidjs/markdown-tweet-scheduler,reidjs/markdown-tweet-scheduler,MIT
github,changkun/redir,repository-snapshot,low,github-search:small-slowing,https://github.com/changkun/redir,changkun/redir,MIT
github,liuzl/gocc,repository-snapshot,medium,github-search:small-slowing,https://github.com/liuzl/gocc,liuzl/gocc,Apache-2.0
github,staaldraad/turner,repository-snapshot,low,github-search:small-slowing,https://github.com/staaldraad/turner,staaldraad/turner,MIT
github,zebox/registry-admin,repository-snapshot,low,github-search:small-slowing,https://github.com/zebox/registry-admin,zebox/registry-admin,MIT
github,dispatchrun/wasi-go,repository-snapshot,low,github-search:small-slowing,https://github.com/dispatchrun/wasi-go,dispatchrun/wasi-go,Apache-2.0
github,DevSecOpsDocs/nuclearpond,repository-snapshot,low,github-search:small-slowing,https://github.com/DevSecOpsDocs/nuclearpond,DevSecOpsDocs/nuclearpond,MIT
github,chyroc/icloudgo,repository-snapshot,low,github-search:small-slowing,https://github.com/chyroc/icloudgo,chyroc/icloudgo,Apache-2.0
github,deepset-ai/prompthub,repository-snapshot,low,github-search:small-slowing,https://github.com/deepset-ai/prompthub,deepset-ai/prompthub,Apache-2.0
github,zhangshuai/douyin-go,repository-snapshot,low,github-search:small-slowing,https://github.com/zhangshuai/douyin-go,zhangshuai/douyin-go,GPL-3.0
github,NetEase-Media/easy-ngo,repository-snapshot,medium,github-search:small-slowing,https://github.com/NetEase-Media/easy-ngo,NetEase-Media/easy-ngo,Apache-2.0
github,ailidani/paxi,repository-snapshot,medium,github-search:small-slowing,https://github.com/ailidani/paxi,ailidani/paxi,MIT
github,Code-Hex/Neo-cowsay,repository-snapshot,medium,github-search:small-slowing,https://github.com/Code-Hex/Neo-cowsay,Code-Hex/Neo-cowsay,Artistic-2.0
github,east-eden/server,repository-snapshot,low,github-search:small-slowing,https://github.com/east-eden/server,east-eden/server,MIT
github,EFForg/yaya,repository-snapshot,medium,github-search:small-slowing,https://github.com/EFForg/yaya,EFForg/yaya,GPL-3.0
github,facebookexperimental/go-media-webtransport-server,repository-snapshot,low,github-search:small-slowing,https://github.com/facebookexperimental/go-media-webtransport-server,facebookexperimental/go-media-webtransport-server,MIT
github,ahmetb/serverless-registry-proxy,repository-snapshot,medium,github-search:small-slowing,https://github.com/ahmetb/serverless-registry-proxy,ahmetb/serverless-registry-proxy,Apache-2.0
github,hkpeaks/peaks-consolidation,repository-snapshot,low,github-search:small-slowing,https://github.com/hkpeaks/peaks-consolidation,hkpeaks/peaks-consolidation,MIT
github,anthdm/slick,repository-snapshot,low,github-search:small-slowing,https://github.com/anthdm/slick,anthdm/slick,MIT
github,briefercloud/ergomake,repository-snapshot,low,github-search:small-slowing,https://github.com/briefercloud/ergomake,briefercloud/ergomake,GPL-3.0
github,lure-sh/lure,repository-snapshot,medium,github-search:small-slowing,https://github.com/lure-sh/lure,lure-sh/lure,GPL-3.0
github,Joker/jade,repository-snapshot,medium,github-search:small-slowing,https://github.com/Joker/jade,Joker/jade,BSD-3-Clause
github,stefanoj3/dirstalk,repository-snapshot,medium,github-search:small-slowing,https://github.com/stefanoj3/dirstalk,stefanoj3/dirstalk,MIT
github,dcadenas/pagerank,repository-snapshot,low,github-search:small-slowing,https://github.com/dcadenas/pagerank,dcadenas/pagerank,MIT
github,pbnjay/grate,repository-snapshot,low,github-search:small-slowing,https://github.com/pbnjay/grate,pbnjay/grate,MIT
github,aceberg/miniboard,repository-snapshot,medium,github-search:small-slowing,https://github.com/aceberg/miniboard,aceberg/miniboard,MIT
github,zan8in/masscan,repository-snapshot,low,github-search:small-slowing,https://github.com/zan8in/masscan,zan8in/masscan,Apache-2.0
github,benfred/github-analysis,repository-snapshot,medium,github-search:small-dormant,https://github.com/benfred/github-analysis,benfred/github-analysis,GPL-3.0
github,nicksieger/jsonpretty,repository-snapshot,low,github-search:small-dormant,https://github.com/nicksieger/jsonpretty,nicksieger/jsonpretty,MIT
github,sashabaranov/go-fastapi,repository-snapshot,medium,github-search:small-dormant,https://github.com/sashabaranov/go-fastapi,sashabaranov/go-fastapi,Apache-2.0
github,rancher/docker-from-scratch,repository-snapshot,low,github-search:small-dormant,https://github.com/rancher/docker-from-scratch,rancher/docker-from-scratch,Apache-2.0
github,sadicann/andor,repository-snapshot,low,github-search:small-dormant,https://github.com/sadicann/andor,sadicann/andor,GPL-3.0
github,masterzen/winrm-cli,repository-snapshot,low,github-search:small-dormant,https://github.com/masterzen/winrm-cli,masterzen/winrm-cli,Apache-2.0
github,thatisuday/commando,repository-snapshot,low,github-search:small-dormant,https://github.com/thatisuday/commando,thatisuday/commando,MIT
github,yTakkar/Go-Mini-Social-Network,repository-snapshot,medium,github-search:small-dormant,https://github.com/yTakkar/Go-Mini-Social-Network,yTakkar/Go-Mini-Social-Network,MIT
github,solidiquis/alacpretty,repository-snapshot,low,github-search:small-dormant,https://github.com/solidiquis/alacpretty,solidiquis/alacpretty,MIT
github,tid4l/GoWard,repository-snapshot,low,github-search:small-dormant,https://github.com/tid4l/GoWard,tid4l/GoWard,GPL-3.0
github,bradfitz/snake,repository-snapshot,low,github-search:small-dormant,https://github.com/bradfitz/snake,bradfitz/snake,BSD-3-Clause
github,knadh/pfxsigner,repository-snapshot,low,github-search:small-dormant,https://github.com/knadh/pfxsigner,knadh/pfxsigner,AGPL-3.0
github,jukylin/esim,repository-snapshot,low,github-search:small-dormant,https://github.com/jukylin/esim,jukylin/esim,MIT
github,tgres/tgres,repository-snapshot,medium,github-search:small-dormant,https://github.com/tgres/tgres,tgres/tgres,Apache-2.0
github,davecgh/go-xdr,repository-snapshot,low,github-search:small-dormant,https://github.com/davecgh/go-xdr,davecgh/go-xdr,ISC
github,seknox/trasa,repository-snapshot,medium,github-search:small-dormant,https://github.com/seknox/trasa,seknox/trasa,MPL-2.0
github,akhenakh/gozim,repository-snapshot,medium,github-search:small-dormant,https://github.com/akhenakh/gozim,akhenakh/gozim,MIT
github,AbsaOSS/golic,repository-snapshot,low,github-search:small-dormant,https://github.com/AbsaOSS/golic,AbsaOSS/golic,Apache-2.0
github,Mayowa-Ojo/chmod-cli,repository-snapshot,low,github-search:small-dormant,https://github.com/Mayowa-Ojo/chmod-cli,Mayowa-Ojo/chmod-cli,MIT
github,e421083458/golang_common,repository-snapshot,low,github-search:small-dormant,https://github.com/e421083458/golang_common,e421083458/golang_common,Apache-2.0
github,go-gorm/opentracing,repository-snapshot,low,github-search:small-dormant,https://github.com/go-gorm/opentracing,go-gorm/opentracing,MIT
github,hajimehoshi/go2cpp,repository-snapshot,medium,github-search:small-dormant,https://github.com/hajimehoshi/go2cpp,hajimehoshi/go2cpp,Apache-2.0
github,jqs7/Jqs7Bot,repository-snapshot,medium,github-search:small-archived,https://github.com/jqs7/Jqs7Bot,jqs7/Jqs7Bot,GPL-3.0
github,openatx/atx-agent,repository-snapshot,medium,github-search:small-archived,https://github.com/openatx/atx-agent,openatx/atx-agent,NOASSERTION
github,ry/v8worker2,repository-snapshot,medium,github-search:small-archived,https://github.com/ry/v8worker2,ry/v8worker2,NOASSERTION
github,mholt/binding,repository-snapshot,medium,github-search:small-archived,https://github.com/mholt/binding,mholt/binding,MIT
github,banzaicloud/koperator,repository-snapshot,medium,github-search:small-archived,https://github.com/banzaicloud/koperator,banzaicloud/koperator,Apache-2.0
github,GoogleCloudPlatform/metacontroller,repository-snapshot,medium,github-search:small-archived,https://github.com/GoogleCloudPlatform/metacontroller,GoogleCloudPlatform/metacontroller,Apache-2.0
github,nuanxinqing123/QLTools,repository-snapshot,medium,github-search:small-archived,https://github.com/nuanxinqing123/QLTools,nuanxinqing123/QLTools,Apache-2.0
github,Ullaakut/astronomer,repository-snapshot,medium,github-search:small-archived,https://github.com/Ullaakut/astronomer,Ullaakut/astronomer,MIT
github,hajimehoshi/go-mp3,repository-snapshot,medium,github-search:small-archived,https://github.com/hajimehoshi/go-mp3,hajimehoshi/go-mp3,Apache-2.0
github,olebedev/go-duktape,repository-snapshot,medium,github-search:small-archived,https://github.com/olebedev/go-duktape,olebedev/go-duktape,MIT
github,letsblockit/letsblockit,repository-snapshot,medium,github-search:small-archived,https://github.com/letsblockit/letsblockit,letsblockit/letsblockit,Apache-2.0
github,SummitRoute/osxlockdown,repository-snapshot,medium,github-search:small-archived,https://github.com/SummitRoute/osxlockdown,SummitRoute/osxlockdown,MIT
github,utkusen/socialhunter,repository-snapshot,medium,github-search:small-archived,https://github.com/utkusen/socialhunter,utkusen/socialhunter,MIT
github,ekanite/ekanite,repository-snapshot,medium,github-search:small-archived,https://github.com/ekanite/ekanite,ekanite/ekanite,MIT
github,openfaas/openfaas-cloud,repository-snapshot,medium,github-search:small-archived,https://github.com/openfaas/openfaas-cloud,openfaas/openfaas-cloud,MIT
github,mitchellh/hashstructure,repository-snapshot,medium,github-search:small-archived,https://github.com/mitchellh/hashstructure,mitchellh/hashstructure,MIT
github,dan-v/awslambdaproxy,repository-snapshot,medium,github-search:small-archived,https://github.com/dan-v/awslambdaproxy,dan-v/awslambdaproxy,MIT
github,mssola/user_agent,repository-snapshot,medium,github-search:small-archived,https://github.com/mssola/user_agent,mssola/user_agent,MIT
github,acheong08/ChatGPT-API-server,repository-snapshot,medium,github-search:small-archived,https://github.com/acheong08/ChatGPT-API-server,acheong08/ChatGPT-API-server,MIT
github,SoMuchForSubtlety/f1viewer,repository-snapshot,medium,github-search:small-archived,https://github.com/SoMuchForSubtlety/f1viewer,SoMuchForSubtlety/f1viewer,GPL-3.0
github,google/cloud-print-connector,repository-snapshot,medium,github-search:small-archived,https://github.com/google/cloud-print-connector,google/cloud-print-connector,BSD-3-Clause
github,stefanprodan/mgob,repository-snapshot,medium,github-search:small-archived,https://github.com/stefanprodan/mgob,stefanprodan/mgob,MIT
github,praetorian-inc/fingerprintx,repository-snapshot,medium,github-search:small-archived,https://github.com/praetorian-inc/fingerprintx,praetorian-inc/fingerprintx,Apache-2.0
github,gregjones/httpcache,repository-snapshot,medium,github-search:small-archived,https://github.com/gregjones/httpcache,gregjones/httpcache,MIT
github,TeaWeb/build,repository-snapshot,medium,github-search:small-archived,https://github.com/TeaWeb/build,TeaWeb/build,MIT
github,coreos/vault-operator,repository-snapshot,medium,github-search:small-archived,https://github.com/coreos/vault-operator,coreos/vault-operator,Apache-2.0
github,google/goexpect,repository-snapshot,medium,github-search:small-archived,https://github.com/google/goexpect,google/goexpect,BSD-3-Clause
github,cloudflare/Stout,repository-snapshot,medium,github-search:small-archived,https://github.com/cloudflare/Stout,cloudflare/Stout,MIT
github,unknwon/com,repository-snapshot,medium,github-search:small-archived,https://github.com/unknwon/com,unknwon/com,Apache-2.0
github,InVisionApp/go-health,repository-snapshot,medium,github-search:small-archived,https://github.com/InVisionApp/go-health,InVisionApp/go-health,MIT
github,gudaoxuri/dew,repository-snapshot,medium,github-search:small-active-small,https://github.com/gudaoxuri/dew,gudaoxuri/dew,Apache-2.0
github,tbroyer/gradle-errorprone-plugin,repository-snapshot,medium,github-search:small-active-small,https://github.com/tbroyer/gradle-errorprone-plugin,tbroyer/gradle-errorprone-plugin,Apache-2.0
github,raydac/netbeans-mmd-plugin,repository-snapshot,medium,github-search:small-active-small,https://github.com/raydac/netbeans-mmd-plugin,raydac/netbeans-mmd-plugin,Apache-2.0
github,ebourg/jsign,repository-snapshot,medium,github-search:small-active-small,https://github.com/ebourg/jsign,ebourg/jsign,Apache-2.0
github,SeeSharpSoft/intellij-csv-validator,repository-snapshot,medium,github-search:small-active-small,https://github.com/SeeSharpSoft/intellij-csv-validator,SeeSharpSoft/intellij-csv-validator,Apache-2.0
github,CloudburstMC/Protocol,repository-snapshot,medium,github-search:small-active-small,https://github.com/CloudburstMC/Protocol,CloudburstMC/Protocol,Apache-2.0
github,WeBankFinTech/Schedulis,repository-snapshot,medium,github-search:small-active-small,https://github.com/WeBankFinTech/Schedulis,WeBankFinTech/Schedulis,Apache-2.0
github,94fzb/zrlog,repository-snapshot,medium,github-search:small-active-small,https://github.com/94fzb/zrlog,94fzb/zrlog,Apache-2.0
github,centic9/poi-on-android,repository-snapshot,medium,github-search:small-active-small,https://github.com/centic9/poi-on-android,centic9/poi-on-android,Apache-2.0
github,opensabre/opensabre-framework,repository-snapshot,medium,github-search:small-active-small,https://github.com/opensabre/opensabre-framework,opensabre/opensabre-framework,Apache-2.0
github,microsoft/LangChain4j-for-Beginners,repository-snapshot,medium,github-search:small-active-small,https://github.com/microsoft/LangChain4j-for-Beginners,microsoft/LangChain4j-for-Beginners,MIT
github,wso2/product-ei,repository-snapshot,medium,github-search:small-active-small,https://github.com/wso2/product-ei,wso2/product-ei,Apache-2.0
github,chaosblade-io/chaosblade-exec-jvm,repository-snapshot,medium,github-search:small-active-small,https://github.com/chaosblade-io/chaosblade-exec-jvm,chaosblade-io/chaosblade-exec-jvm,Apache-2.0
github,hululu1068/AdGuard-Rule,repository-snapshot,medium,github-search:small-active-small,https://github.com/hululu1068/AdGuard-Rule,hululu1068/AdGuard-Rule,MIT
github,opentracing-contrib/java-spring-cloud,repository-snapshot,medium,github-search:small-active-small,https://github.com/opentracing-contrib/java-spring-cloud,opentracing-contrib/java-spring-cloud,Apache-2.0
github,javashub/CourseArragement,repository-snapshot,medium,github-search:small-active-small,https://github.com/javashub/CourseArragement,javashub/CourseArragement,Apache-2.0
github,spring-projects/spring-data-cassandra,repository-snapshot,medium,github-search:small-active-small,https://github.com/spring-projects/spring-data-cassandra,spring-projects/spring-data-cassandra,Apache-2.0
github,rfresh2/ZenithProxy,repository-snapshot,medium,github-search:small-active-small,https://github.com/rfresh2/ZenithProxy,rfresh2/ZenithProxy,AGPL-3.0
github,fpj/zookeeper-book-example,repository-snapshot,medium,github-search:small-active-small,https://github.com/fpj/zookeeper-book-example,fpj/zookeeper-book-example,Apache-2.0
github,xabaras/RecyclerViewSwipeDecorator,repository-snapshot,medium,github-search:small-active-small,https://github.com/xabaras/RecyclerViewSwipeDecorator,xabaras/RecyclerViewSwipeDecorator,Apache-2.0
github,hiero-ledger/hiero-consensus-node,repository-snapshot,medium,github-search:small-active-small,https://github.com/hiero-ledger/hiero-consensus-node,hiero-ledger/hiero-consensus-node,Apache-2.0
github,luoyesiqiu/dpt-shell,repository-snapshot,medium,github-search:small-active-mid,https://github.com/luoyesiqiu/dpt-shell,luoyesiqiu/dpt-shell,MIT
github,ArcadeData/arcadedb,repository-snapshot,medium,github-search:small-active-mid,https://github.com/ArcadeData/arcadedb,ArcadeData/arcadedb,Apache-2.0
github,qiutiandefeng/yfexam-exam,repository-snapshot,medium,github-search:small-active-mid,https://github.com/qiutiandefeng/yfexam-exam,qiutiandefeng/yfexam-exam,MIT
github,AndroidCSOfficial/android-code-studio,repository-snapshot,medium,github-search:small-active-mid,https://github.com/AndroidCSOfficial/android-code-studio,AndroidCSOfficial/android-code-studio,GPL-3.0
github,isHarryh/Ark-Pets,repository-snapshot,medium,github-search:small-active-mid,https://github.com/isHarryh/Ark-Pets,isHarryh/Ark-Pets,GPL-3.0
github,spring-cloud/spring-cloud-stream-samples,repository-snapshot,medium,github-search:small-active-mid,https://github.com/spring-cloud/spring-cloud-stream-samples,spring-cloud/spring-cloud-stream-samples,Apache-2.0
github,robert-bor/aho-corasick,repository-snapshot,medium,github-search:small-active-mid,https://github.com/robert-bor/aho-corasick,robert-bor/aho-corasick,Apache-2.0
github,indvd00m/java-ascii-render,repository-snapshot,low,github-search:small-slowing,https://github.com/indvd00m/java-ascii-render,indvd00m/java-ascii-render,Apache-2.0
github,gaoice/easyexcel-spring-boot-starter,repository-snapshot,low,github-search:small-slowing,https://github.com/gaoice/easyexcel-spring-boot-starter,gaoice/easyexcel-spring-boot-starter,Apache-2.0
github,JacksonHoggard/voodoo2d,repository-snapshot,low,github-search:small-slowing,https://github.com/JacksonHoggard/voodoo2d,JacksonHoggard/voodoo2d,MIT
github,IridiumIdentity/iridium,repository-snapshot,low,github-search:small-slowing,https://github.com/IridiumIdentity/iridium,IridiumIdentity/iridium,Apache-2.0
github,datso/react-native-pjsip,repository-snapshot,medium,github-search:small-slowing,https://github.com/datso/react-native-pjsip,datso/react-native-pjsip,GPL-3.0
github,AmrDeveloper/CodeView,repository-snapshot,medium,github-search:small-slowing,https://github.com/AmrDeveloper/CodeView,AmrDeveloper/CodeView,MIT
github,MindorksOpenSource/CrashReporter,repository-snapshot,medium,github-search:small-slowing,https://github.com/MindorksOpenSource/CrashReporter,MindorksOpenSource/CrashReporter,Apache-2.0
github,OGtwelve/OGTwelveUtilPack,repository-snapshot,low,github-search:small-slowing,https://github.com/OGtwelve/OGTwelveUtilPack,OGtwelve/OGTwelveUtilPack,Apache-2.0
github,Impro-Visor/Impro-Visor,repository-snapshot,low,github-search:small-slowing,https://github.com/Impro-Visor/Impro-Visor,Impro-Visor/Impro-Visor,GPL-2.0
github,longbig/multi_function_github,repository-snapshot,low,github-search:small-slowing,https://github.com/longbig/multi_function_github,longbig/multi_function_github,Apache-2.0
github,wwdablu/LottieBottomNav,repository-snapshot,medium,github-search:small-slowing,https://github.com/wwdablu/LottieBottomNav,wwdablu/LottieBottomNav,MIT
github,maltaisn/calcdialoglib,repository-snapshot,low,github-search:small-slowing,https://github.com/maltaisn/calcdialoglib,maltaisn/calcdialoglib,Apache-2.0
github,vletoux/GidsApplet,repository-snapshot,low,github-search:small-slowing,https://github.com/vletoux/GidsApplet,vletoux/GidsApplet,GPL-3.0
github,asleepyfish/chatgpt,repository-snapshot,medium,github-search:small-slowing,https://github.com/asleepyfish/chatgpt,asleepyfish/chatgpt,MIT
github,WisdomShell/codeshell-intellij,repository-snapshot,low,github-search:small-slowing,https://github.com/WisdomShell/codeshell-intellij,WisdomShell/codeshell-intellij,Apache-2.0
github,zifeihan/friday,repository-snapshot,medium,github-search:small-slowing,https://github.com/zifeihan/friday,zifeihan/friday,Apache-2.0
github,davidmc24/gradle-avro-plugin,repository-snapshot,medium,github-search:small-slowing,https://github.com/davidmc24/gradle-avro-plugin,davidmc24/gradle-avro-plugin,Apache-2.0
github,termux/TermuxAm,repository-snapshot,low,github-search:small-slowing,https://github.com/termux/TermuxAm,termux/TermuxAm,Apache-2.0
github,dvdgeisler/DirigeraClient,repository-snapshot,low,github-search:small-slowing,https://github.com/dvdgeisler/DirigeraClient,dvdgeisler/DirigeraClient,MIT
github,MrIkso/ApkRepacker,repository-snapshot,low,github-search:small-slowing,https://github.com/MrIkso/ApkRepacker,MrIkso/ApkRepacker,GPL-3.0
github,whoiszxl/tt-zhipin,repository-snapshot,medium,github-search:small-slowing,https://github.com/whoiszxl/tt-zhipin,whoiszxl/tt-zhipin,Apache-2.0
github,37214728aaa/android_key_logger,repository-snapshot,medium,github-search:small-slowing,https://github.com/37214728aaa/android_key_logger,37214728aaa/android_key_logger,Apache-2.0
github,gisgraphy/gisgraphy,repository-snapshot,medium,github-search:small-slowing,https://github.com/gisgraphy/gisgraphy,gisgraphy/gisgraphy,LGPL-3.0
github,arey/spring-batch-toolkit,repository-snapshot,low,github-search:small-dormant,https://github.com/arey/spring-batch-toolkit,arey/spring-batch-toolkit,Apache-2.0
github,rtyley/agit,repository-snapshot,medium,github-search:small-dormant,https://github.com/rtyley/agit,rtyley/agit,GPL-3.0
github,volekerb/testing-lectures,repository-snapshot,low,github-search:small-dormant,https://github.com/volekerb/testing-lectures,volekerb/testing-lectures,MIT
github,mmjang/ankihelper,repository-snapshot,medium,github-search:small-dormant,https://github.com/mmjang/ankihelper,mmjang/ankihelper,GPL-3.0
github,ITVlab/TvAppRepo,repository-snapshot,medium,github-search:small-dormant,https://github.com/ITVlab/TvAppRepo,ITVlab/TvAppRepo,Apache-2.0
github,EngineHub/Intake,repository-snapshot,low,github-search:small-dormant,https://github.com/EngineHub/Intake,EngineHub/Intake,LGPL-3.0
github,xtools-at/Android-PWA-Wrapper,repository-snapshot,medium,github-search:small-dormant,https://github.com/xtools-at/Android-PWA-Wrapper,xtools-at/Android-PWA-Wrapper,GPL-3.0
github,krazykira/VidEffects,repository-snapshot,medium,github-search:small-dormant,https://github.com/krazykira/VidEffects,krazykira/VidEffects,Apache-2.0
github,fuhoujun/e,repository-snapshot,medium,github-search:small-dormant,https://github.com/fuhoujun/e,fuhoujun/e,Apache-2.0
github,zhe525069676/WeiBoLayout,repository-snapshot,medium,github-search:small-dormant,https://github.com/zhe525069676/WeiBoLayout,zhe525069676/WeiBoLayout,Apache-2.0
github,liyupi/father,repository-snapshot,medium,github-search:small-dormant,https://github.com/liyupi/father,liyupi/father,MIT
github,heineman/algorithms-nutshell-2ed,repository-snapshot,medium,github-search:small-dormant,https://github.com/heineman/algorithms-nutshell-2ed,heineman/algorithms-nutshell-2ed,MIT
github,SpigotMC/Spigot-API,repository-snapshot,low,github-search:small-dormant,https://github.com/SpigotMC/Spigot-API,SpigotMC/Spigot-API,GPL-3.0
github,posm/OpenMapKitAndroid,repository-snapshot,low,github-search:small-dormant,https://github.com/posm/OpenMapKitAndroid,posm/OpenMapKitAndroid,BSD-3-Clause
github,Dsiner/DMusic,repository-snapshot,low,github-search:small-dormant,https://github.com/Dsiner/DMusic,Dsiner/DMusic,Apache-2.0
github,soundpaint/rp2040pio,repository-snapshot,medium,github-search:small-dormant,https://github.com/soundpaint/rp2040pio,soundpaint/rp2040pio,GPL-2.0
github,satyamurti/ESP_For_PubgMobile,repository-snapshot,low,github-search:small-dormant,https://github.com/satyamurti/ESP_For_PubgMobile,satyamurti/ESP_For_PubgMobile,MIT
github,Sea-n/Android-TG-Bot,repository-snapshot,medium,github-search:small-dormant,https://github.com/Sea-n/Android-TG-Bot,Sea-n/Android-TG-Bot,Apache-2.0
github,thialfihar/apg,repository-snapshot,medium,github-search:small-dormant,https://github.com/thialfihar/apg,thialfihar/apg,GPL-3.0
github,napolitano/cordova-plugin-intent,repository-snapshot,low,github-search:small-dormant,https://github.com/napolitano/cordova-plugin-intent,napolitano/cordova-plugin-intent,MIT
github,andifalk/authorizationserver,repository-snapshot,low,github-search:small-dormant,https://github.com/andifalk/authorizationserver,andifalk/authorizationserver,Apache-2.0
github,chandevel/Clover,repository-snapshot,medium,github-search:small-archived,https://github.com/chandevel/Clover,chandevel/Clover,GPL-3.0
github,eBay/parallec,repository-snapshot,medium,github-search:small-archived,https://github.com/eBay/parallec,eBay/parallec,Apache-2.0
github,truizlop/SectionedRecyclerView,repository-snapshot,medium,github-search:small-archived,https://github.com/truizlop/SectionedRecyclerView,truizlop/SectionedRecyclerView,NOASSERTION
github,ThanosFisherman/WifiUtils,repository-snapshot,medium,github-search:small-archived,https://github.com/ThanosFisherman/WifiUtils,ThanosFisherman/WifiUtils,Apache-2.0
github,Netflix/suro,repository-snapshot,medium,github-search:small-archived,https://github.com/Netflix/suro,Netflix/suro,Apache-2.0
github,dermotte/LIRE,repository-snapshot,medium,github-search:small-archived,https://github.com/dermotte/LIRE,dermotte/LIRE,NOASSERTION
github,ZaneYork/SMAPI-Android-Installer,repository-snapshot,medium,github-search:small-archived,https://github.com/ZaneYork/SMAPI-Android-Installer,ZaneYork/SMAPI-Android-Installer,LGPL-3.0
github,republique-et-canton-de-geneve/chvote-1-0,repository-snapshot,medium,github-search:small-archived,https://github.com/republique-et-canton-de-geneve/chvote-1-0,republique-et-canton-de-geneve/chvote-1-0,AGPL-3.0
github,mandiant/Ghidrathon,repository-snapshot,medium,github-search:small-archived,https://github.com/mandiant/Ghidrathon,mandiant/Ghidrathon,Apache-2.0
github,lucasr/android-layout-samples,repository-snapshot,medium,github-search:small-archived,https://github.com/lucasr/android-layout-samples,lucasr/android-layout-samples,NOASSERTION
github,mikepenz/wallsplash-android,repository-snapshot,medium,github-search:small-archived,https://github.com/mikepenz/wallsplash-android,mikepenz/wallsplash-android,NOASSERTION
github,square/dagger-intellij-plugin,repository-snapshot,medium,github-search:small-archived,https://github.com/square/dagger-intellij-plugin,square/dagger-intellij-plugin,Apache-2.0
github,opacapp/multiline-collapsingtoolbar,repository-snapshot,medium,github-search:small-archived,https://github.com/opacapp/multiline-collapsingtoolbar,opacapp/multiline-collapsingtoolbar,NOASSERTION
github,didi/DRouter,repository-snapshot,medium,github-search:small-archived,https://github.com/didi/DRouter,didi/DRouter,Apache-2.0
github,apache/bahir-flink,repository-snapshot,medium,github-search:small-archived,https://github.com/apache/bahir-flink,apache/bahir-flink,Apache-2.0
github,neo4j-contrib/neo4j-graph-algorithms,repository-snapshot,medium,github-search:small-archived,https://github.com/neo4j-contrib/neo4j-graph-algorithms,neo4j-contrib/neo4j-graph-algorithms,GPL-3.0
github,ftctechnh/ftc_app,repository-snapshot,medium,github-search:small-archived,https://github.com/ftctechnh/ftc_app,ftctechnh/ftc_app,NOASSERTION
github,florent37/Depth,repository-snapshot,medium,github-search:small-archived,https://github.com/florent37/Depth,florent37/Depth,MIT
github,MozillaReality/FirefoxReality,repository-snapshot,medium,github-search:small-archived,https://github.com/MozillaReality/FirefoxReality,MozillaReality/FirefoxReality,MPL-2.0
github,rnewson/couchdb-lucene,repository-snapshot,medium,github-search:small-archived,https://github.com/rnewson/couchdb-lucene,rnewson/couchdb-lucene,Apache-2.0
github,material-foundation/material-remixer-android,repository-snapshot,medium,github-search:small-archived,https://github.com/material-foundation/material-remixer-android,material-foundation/material-remixer-android,Apache-2.0
github,android/codelab-android-room-with-a-view,repository-snapshot,medium,github-search:small-archived,https://github.com/android/codelab-android-room-with-a-view,android/codelab-android-room-with-a-view,Apache-2.0
github,droidparts/droidparts,repository-snapshot,medium,github-search:small-archived,https://github.com/droidparts/droidparts,droidparts/droidparts,Apache-2.0
github,googlearchive/android-JobScheduler,repository-snapshot,medium,github-search:small-archived,https://github.com/googlearchive/android-JobScheduler,googlearchive/android-JobScheduler,Apache-2.0
github,alibaba/alibaba-rsocket-broker,repository-snapshot,medium,github-search:small-archived,https://github.com/alibaba/alibaba-rsocket-broker,alibaba/alibaba-rsocket-broker,Apache-2.0
github,ckurtm/FabButton,repository-snapshot,medium,github-search:small-archived,https://github.com/ckurtm/FabButton,ckurtm/FabButton,NOASSERTION
github,1Panel-dev/CloudExplorer,repository-snapshot,medium,github-search:small-archived,https://github.com/1Panel-dev/CloudExplorer,1Panel-dev/CloudExplorer,GPL-3.0
github,javaee/glassfish,repository-snapshot,medium,github-search:small-archived,https://github.com/javaee/glassfish,javaee/glassfish,NOASSERTION
github,Manabu-GT/EtsyBlur,repository-snapshot,medium,github-search:small-archived,https://github.com/Manabu-GT/EtsyBlur,Manabu-GT/EtsyBlur,Apache-2.0
github,spring-attic/spring-android-samples,repository-snapshot,medium,github-search:small-archived,https://github.com/spring-attic/spring-android-samples,spring-attic/spring-android-samples,Apache-2.0
